Workbook

Sheet Tableaux et calculs
B3: Tableau 1 : Intensité du courant par rapport à la différence de potentiel aux bornes de la résistance 1 | I3: Tableau 2 : Intensité du courant par rapport à la différence de potentiel aux bornes de la résistance 4 | P3: Tableau 3 : Intensité du courant par rapport à la différence de potentiel aux bornes de l'ampoule
B4: ∆VR1 (V) | E4: I1 (mA) | I4: ∆VR4 (V) | L4: I4 (µA) | P4: ∆VRA (V) | S4: IA (mA)
B5: 2 | C5: =0.001*B5+0.003 -> 0.005 | D5: =C5/B5 -> 0.0025 | E5: 2.03 | F5: =0.005*E5+0.01 -> 0.02015 | G5: =F5/E5 -> 0.0099261084 | I5: 2 | J5: =0.001*I5+0.003 -> 0.005 | K5: =J5/I5 -> 0.0025 | L5: 0.3 | M5: =0.005*L5+0.1 -> 0.1015 | N5: =M5/L5 -> 0.33833333 | P5: 2 | Q5: =0.001*P5+0.003 -> 0.005 | R5: =Q5/P5 -> 0.0025 | S5: 7.55 | T5: =0.005*S5+0.01 -> 0.04775 | U5: =T5/S5 -> 0.0063245033
B6: =B5+2 -> 4 | C6: =0.001*B6+0.003 -> 0.007 | D6: =C6/B6 -> 0.00175 | E6: 4.06 | F6: =0.005*E6+0.01 -> 0.0303 | G6: =F6/E6 -> 0.0074630542 | I6: =I5+2 -> 4 | J6: =0.001*I6+0.003 -> 0.007 | K6: =J6/I6 -> 0.00175 | L6: 0.7 | M6: =0.005*L6+0.1 -> 0.1035 | N6: =M6/L6 -> 0.14785714 | P6: =P5+2 -> 4 | Q6: =0.001*P6+0.003 -> 0.007 | R6: =Q6/P6 -> 0.00175 | S6: 11.42 | T6: =0.005*S6+0.01 -> 0.0671 | U6: =T6/S6 -> 0.0058756567
B7: =B6+2 -> 6 | C7: =0.001*B7+0.003 -> 0.009 | D7: =C7/B7 -> 0.0015 | E7: 6.1 | F7: =0.005*E7+0.01 -> 0.0405 | G7: =F7/E7 -> 0.0066393443 | I7: =I6+2 -> 6 | J7: =0.001*I7+0.003 -> 0.009 | K7: =J7/I7 -> 0.0015 | L7: 1.2 | M7: =0.005*L7+0.1 -> 0.106 | N7: =M7/L7 -> 0.088333333 | P7: =P6+2 -> 6 | Q7: =0.001*P7+0.003 -> 0.009 | R7: =Q7/P7 -> 0.0015 | S7: 14.65 | T7: =0.005*S7+0.01 -> 0.08325 | U7: =T7/S7 -> 0.0056825939
B8: =B7+2 -> 8 | C8: =0.001*B8+0.003 -> 0.011 | D8: =C8/B8 -> 0.001375 | E8: 8.14 | F8: =0.005*E8+0.01 -> 0.0507 | G8: =F8/E8 -> 0.0062285012 | I8: =I7+2 -> 8 | J8: =0.001*I8+0.003 -> 0.011 | K8: =J8/I8 -> 0.001375 | L8: 1.6 | M8: =0.005*L8+0.1 -> 0.108 | N8: =M8/L8 -> 0.0675 | P8: =P7+2 -> 8 | Q8: =0.001*P8+0.003 -> 0.011 | R8: =Q8/P8 -> 0.001375 | S8: 17.48 | T8: =0.005*S8+0.01 -> 0.0974 | U8: =T8/S8 -> 0.0055720824
B9: =B8+2 -> 10 | C9: =0.001*B9+0.003 -> 0.013 | D9: =C9/B9 -> 0.0013 | E9: 10.18 | F9: =0.005*E9+0.01 -> 0.0609 | G9: =F9/E9 -> 0.0059823183 | I9: =I8+2 -> 10 | J9: =0.001*I9+0.003 -> 0.013 | K9: =J9/I9 -> 0.0013 | L9: 2 | M9: =0.005*L9+0.1 -> 0.11 | N9: =M9/L9 -> 0.055 | P9: =P8+2 -> 10 | Q9: =0.001*P9+0.003 -> 0.013 | R9: =Q9/P9 -> 0.0013 | S9: 19.9 | T9: =0.012*S9+0.1 -> 0.3388 | U9: =T9/S9 -> 0.017025126
B10: =B9+2 -> 12 | C10: =0.001*B10+0.003 -> 0.015 | D10: =C10/B10 -> 0.00125 | E10: 12.22 | F10: =0.005*E10+0.01 -> 0.0711 | G10: =F10/E10 -> 0.0058183306 | I10: =I9+2 -> 12 | J10: =0.001*I10+0.003 -> 0.015 | K10: =J10/I10 -> 0.00125 | L10: 2.4 | M10: =0.005*L10+0.1 -> 0.112 | N10: =M10/L10 -> 0.046666667 | P10: =P9+2 -> 12 | Q10: =0.001*P10+0.003 -> 0.015 | R10: =Q10/P10 -> 0.00125 | S10: 22.3 | T10: =0.012*S10+0.1 -> 0.3676 | U10: =T10/S10 -> 0.016484305
B11: =B10+2 -> 14 | C11: =0.001*B11+0.003 -> 0.017 | D11: =C11/B11 -> 0.0012142857 | E11: 14.25 | F11: =0.005*E11+0.01 -> 0.08125 | G11: =F11/E11 -> 0.0057017544 | I11: =I10+2 -> 14 | J11: =0.001*I11+0.003 -> 0.017 | K11: =J11/I11 -> 0.0012142857 | L11: 2.8 | M11: =0.005*L11+0.1 -> 0.114 | N11: =M11/L11 -> 0.040714286 | P11: =P10+2 -> 14 | Q11: =0.001*P11+0.003 -> 0.017 | R11: =Q11/P11 -> 0.0012142857 | S11: 24.5 | T11: =0.012*S11+0.1 -> 0.394 | U11: =T11/S11 -> 0.016081633
B12: =B11+2 -> 16 | C12: =0.001*B12+0.003 -> 0.019 | D12: =C12/B12 -> 0.0011875 | E12: 16.3 | F12: =0.005*E12+0.01 -> 0.0915 | G12: =F12/E12 -> 0.0056134969 | I12: =I11+2 -> 16 | J12: =0.001*I12+0.003 -> 0.019 | K12: =J12/I12 -> 0.0011875 | L12: 3.2 | M12: =0.005*L12+0.1 -> 0.116 | N12: =M12/L12 -> 0.03625 | P12: =P11+2 -> 16 | Q12: =0.001*P12+0.003 -> 0.019 | R12: =Q12/P12 -> 0.0011875 | S12: 26.5 | T12: =0.012*S12+0.1 -> 0.418 | U12: =T12/S12 -> 0.015773585
B13: =B12+2 -> 18 | C13: =0.001*B13+0.003 -> 0.021 | D13: =C13/B13 -> 0.0011666667 | E13: 18.34 | F13: =0.005*E13+0.01 -> 0.1017 | G13: =F13/E13 -> 0.0055452563 | I13: =I12+2 -> 18 | J13: =0.001*I13+0.003 -> 0.021 | K13: =J13/I13 -> 0.0011666667 | L13: 3.6 | M13: =0.005*L13+0.1 -> 0.118 | N13: =M13/L13 -> 0.032777778 | P13: =P12+2 -> 18 | Q13: =0.001*P13+0.003 -> 0.021 | R13: =Q13/P13 -> 0.0011666667 | S13: 28.4 | T13: =0.012*S13+0.1 -> 0.4408 | U13: =T13/S13 -> 0.015521127
B14: =B13+2 -> 20 | C14: =0.001*B14+0.03 -> 0.05 | D14: =C14/B14 -> 0.0025 | E14: 20.3 | F14: =0.012*E14+0.1 -> 0.3436 | G14: =F14/E14 -> 0.016926108 | I14: =I13+2 -> 20 | J14: =0.001*I14+0.03 -> 0.05 | K14: =J14/I14 -> 0.0025 | L14: 4 | M14: =0.005*L14+0.1 -> 0.12 | N14: =M14/L14 -> 0.03 | P14: =P13+2 -> 20 | Q14: =0.001*P14+0.03 -> 0.05 | R14: =Q14/P14 -> 0.0025 | S14: 30.4 | T14: =0.012*S14+0.1 -> 0.4648 | U14: =T14/S14 -> 0.015289474
B15: *Les cases en gris très pâle marquent un changement d'échelle de mesure avec l'instrument utilisé. | P15: =P14+2 -> 22 | Q15: =0.001*P15+0.03 -> 0.052 | R15: =Q15/P15 -> 0.0023636364 | S15: 32.2 | T15: =0.012*S15+0.1 -> 0.4864 | U15: =T15/S15 -> 0.01510559
P16: =P15+2 -> 24 | Q16: =0.001*P16+0.03 -> 0.054 | R16: =Q16/P16 -> 0.00225 | S16: 33.9 | T16: =0.012*S16+0.1 -> 0.5068 | U16: =T16/S16 -> 0.014949853
B17: Tableau 4 : Intensité du courant en unités standardisées pour la résistance 1 | F17: Tableau 5 : Intensité du courant en unités standardisées pour la résistance 2 | J17: Tableau 6 : Intensité du courant en unités standardisées pour l'ampoule | P17: =P16+2 -> 26 | Q17: =0.001*P17+0.03 -> 0.056 | R17: =Q17/P17 -> 0.0021538462 | S17: 35.6 | T17: =0.012*S17+0.1 -> 0.5272 | U17: =T17/S17 -> 0.014808989
P18: =P17+2 -> 28 | Q18: =0.001*P18+0.03 -> 0.058 | R18: =Q18/P18 -> 0.0020714286 | S18: 37.2 | T18: =0.012*S18+0.1 -> 0.5464 | U18: =T18/S18 -> 0.014688172
B19: I1 (A) | F19: I4 (A) | J19: IA (A) | P19: =P18+2 -> 30 | Q19: =0.001*P19+0.03 -> 0.06 | R19: =Q19/P19 -> 0.002 | S19: 38.7 | T19: =0.012*S19+0.1 -> 0.5644 | U19: =T19/S19 -> 0.014583979
B20: =E5/1000 -> 0.00203 | C20: =F5/1000 -> 2.015e-05 | D20: =C20/B20 -> 0.0099261084 | F20: =L5/1000^2 -> 3e-07 | G20: =M5/1000^2 -> 1.015e-07 | H20: =G20/F20 -> 0.33833333 | J20: =S5/1000 -> 0.00755 | K20: =T5/1000 -> 4.775e-05 | L20: =K20/J20 -> 0.0063245033
B21: =E6/1000 -> 0.00406 | C21: =F6/1000 -> 3.03e-05 | D21: =C21/B21 -> 0.0074630542 | F21: =L6/1000^2 -> 7e-07 | G21: =M6/1000^2 -> 1.035e-07 | H21: =G21/F21 -> 0.14785714 | J21: =S6/1000 -> 0.01142 | K21: =T6/1000 -> 6.71e-05 | L21: =K21/J21 -> 0.0058756567
B22: =E7/1000 -> 0.0061 | C22: =F7/1000 -> 4.05e-05 | D22: =C22/B22 -> 0.0066393443 | F22: =L7/1000^2 -> 1.2e-06 | G22: =M7/1000^2 -> 1.06e-07 | H22: =G22/F22 -> 0.088333333 | J22: =S7/1000 -> 0.01465 | K22: =T7/1000 -> 8.325e-05 | L22: =K22/J22 -> 0.0056825939
B23: =E8/1000 -> 0.00814 | C23: =F8/1000 -> 5.07e-05 | D23: =C23/B23 -> 0.0062285012 | F23: =L8/1000^2 -> 1.6e-06 | G23: =M8/1000^2 -> 1.08e-07 | H23: =G23/F23 -> 0.0675 | J23: =S8/1000 -> 0.01748 | K23: =T8/1000 -> 9.74e-05 | L23: =K23/J23 -> 0.0055720824
B24: =E9/1000 -> 0.01018 | C24: =F9/1000 -> 6.09e-05 | D24: =C24/B24 -> 0.0059823183 | F24: =L9/1000^2 -> 2e-06 | G24: =M9/1000^2 -> 1.1e-07 | H24: =G24/F24 -> 0.055 | J24: =S9/1000 -> 0.0199 | K24: =T9/1000 -> 0.0003388 | L24: =K24/J24 -> 0.017025126
B25: =E10/1000 -> 0.01222 | C25: =F10/1000 -> 7.11e-05 | D25: =C25/B25 -> 0.0058183306 | F25: =L10/1000^2 -> 2.4e-06 | G25: =M10/1000^2 -> 1.12e-07 | H25: =G25/F25 -> 0.046666667 | J25: =S10/1000 -> 0.0223 | K25: =T10/1000 -> 0.0003676 | L25: =K25/J25 -> 0.016484305
B26: =E11/1000 -> 0.01425 | C26: =F11/1000 -> 8.125e-05 | D26: =C26/B26 -> 0.0057017544 | F26: =L11/1000^2 -> 2.8e-06 | G26: =M11/1000^2 -> 1.14e-07 | H26: =G26/F26 -> 0.040714286 | J26: =S11/1000 -> 0.0245 | K26: =T11/1000 -> 0.000394 | L26: =K26/J26 -> 0.016081633 | P26: Il n'existe pas de relation linéaire entre la tension et l'intensité du courant traversant l'ampoule car cette dernière oppose au courant une résistance non-ohmique.
B27: =E12/1000 -> 0.0163 | C27: =F12/1000 -> 9.15e-05 | D27: =C27/B27 -> 0.0056134969 | F27: =L12/1000^2 -> 3.2e-06 | G27: =M12/1000^2 -> 1.16e-07 | H27: =G27/F27 -> 0.03625 | J27: =S12/1000 -> 0.0265 | K27: =T12/1000 -> 0.000418 | L27: =K27/J27 -> 0.015773585
B28: =E13/1000 -> 0.01834 | C28: =F13/1000 -> 0.0001017 | D28: =C28/B28 -> 0.0055452563 | F28: =L13/1000^2 -> 3.6e-06 | G28: =M13/1000^2 -> 1.18e-07 | H28: =G28/F28 -> 0.032777778 | J28: =S13/1000 -> 0.0284 | K28: =T13/1000 -> 0.0004408 | L28: =K28/J28 -> 0.015521127
B29: =E14/1000 -> 0.0203 | C29: =F14/1000 -> 0.0003436 | D29: =C29/B29 -> 0.016926108 | F29: =L14/1000^2 -> 4e-06 | G29: =M14/1000^2 -> 1.2e-07 | H29: =G29/F29 -> 0.03 | J29: =S14/1000 -> 0.0304 | K29: =T14/1000 -> 0.0004648 | L29: =K29/J29 -> 0.015289474
J30: =S15/1000 -> 0.0322 | K30: =T15/1000 -> 0.0004864 | L30: =K30/J30 -> 0.01510559
J31: =S16/1000 -> 0.0339 | K31: =T16/1000 -> 0.0005068 | L31: =K31/J31 -> 0.014949853
J32: =S17/1000 -> 0.0356 | K32: =T17/1000 -> 0.0005272 | L32: =K32/J32 -> 0.014808989
J33: =S18/1000 -> 0.0372 | K33: =T18/1000 -> 0.0005464 | L33: =K33/J33 -> 0.014688172
J34: =S19/1000 -> 0.0387 | K34: =T19/1000 -> 0.0005644 | L34: =K34/J34 -> 0.014583979
B37: Tableau 7 : Pente et ordonnée à l'origine du premier fichier de régression linéaire | I37: Tableau 8 : Pente et ordonnée à l'origine du deuxième fichier de régression linéaire | Q37: Graphique 1 | T37: Graphique 2
B38: p1 (Ω-1) | E38: b1 (A) | I38: p4 (10-5 Ω-1) | L38: b4 (10-5 A) | Q38: x | R38: y | T38: x | U38: y
B39: ='RLineaire R1'!O3 -> 0.0010188963 | C39: ='RLineaire R1'!P3 -> 3.4386907e-06 | D39: =C39/B39 -> 0.0033749172 | E39: ='RLineaire R1'!O5 -> -1.0313418e-05 | F39: ='RLineaire R1'!P5 -> 2.2282581e-05 | G39: =ABS(F39/E39) -> 2.1605427 | I39: ='RLineaire R4'!O3*10^5 -> 0.020523271 | J39: ='RLineaire R4'!P3*10^5 -> 0.0006094293 | K39: =J39/I39 -> 0.029694551 | L39: ='RLineaire R4'!O5*10^5 -> -0.0077562367 | M39: ='RLineaire R4'!P5*10^5 -> 0.0072269992 | N39: =ABS(M39/L39) -> 0.9317662 | Q39: =MIN(B5:B14) -> 2 | R39: =$B$39*Q39+$E$39 -> 0.0020274792 | T39: =MIN(I5:I14) -> 2 | U39: =($I$39*T39+$L$39)/10^5 -> 3.3290305e-07
Q40: =MAX(B5:B14) -> 20 | R40: =$B$39*Q40+$E$39 -> 0.020367613 | T40: =MAX(I5:I14) -> 20 | U40: =($I$39*T40+$L$39)/10^5 -> 4.0270918e-06
B42: Tableau 8 : Résistance de la résistance 1 | F42: Tableau 9 : Résistance de la résistance 4
B43: R1 (Ω) | F43: R4 (105 Ω)
B44: =1/B39 -> 981.45413 | C44: =C39/B39^2 -> 3.3123264 | D44: =C44/B44 -> 0.0033749172 | F44: =1/I39 -> 48.725177 | G44: =J39/I39^2 -> 1.4468722 | H44: =G44/F44 -> 0.029694551

Sheet RLineaire R1
B2: i | C2: x | D2: ∆x | E2: y | F2: ∆y | H2: wi | I2: wixi | J2: wiyi | K2: wixi2 | L2: wixiyi | M2: pente Excel | N2: =IF(OR(M4="Erreur pente",M5="Pente nulle"), "<--", "") | O2: a | S2: Test "pente min - pente max" | V2: Droite de régression
B3: 1 | C3: {='Tableaux et calculs'!B5:B14} -> 2 | D3: {='Tableaux et calculs'!C5:C14} -> 0.005 | E3: {='Tableaux et calculs'!B20:B29} -> 0.00203 | F3: {='Tableaux et calculs'!C20:C29} -> 2.015e-05 | G3: =IF(OR($C$3="",$D$3="",$E$3="",$F$3="",$D$3+$F$3=0),"<--","") | H3: =IF(OR($C$3="",$D$3="",$E$3="",$F$3="",$C$4="",$D$4="",$E$4="",$F$4="",D3+F3=0,D4+F4=0),"Remplissez",1/(F3^2+$M$3^2*D3^2)) -> 2.3153355e+09 | I3: =IF(H3="Remplissez","au moins",H3*C3) -> 4.6306711e+09 | J3: =IF(H3="Remplissez","les 2",H3*E3) -> 4700131.1 | K3: =IF(H3="Remplissez","premiers",H3*C3^2) -> 9.2613421e+09 | L3: =IF(H3="Remplissez","points",H3*C3*E3) -> 9400262.3 | M3: =IF(OR($C$3="",$D$3="",$E$3="",$F$3="",$C$4="",$D$4="",$E$4="",$F$4="",D3+F3=0,D4+F4=0),"-",SLOPE(E3:E27,C3:C27)) -> 0.0010174545 | N3: =IF(ISERROR(N2),"<--","") | O3: =IF(M3="-","-",(H30*L30-I30*J30)/M30) -> 0.0010188963 | P3: =IF(M3="-","-",SQRT(H30/M30)) -> 3.4386907e-06 | Q3: =IF(M3="-","-",P3/O3) -> 0.0033749172 | S3: y1 xmin | T3: y2 xmin | V3: =IF(H3="Remplissez","",C3*$O$3+$O$5) -> 0.0020274792 | W3: =IF(H3="Remplissez", "", IF($S$8=1,C3*($O$3+$P$3)+($O$5+$P$5),C3*($O$3+$P$3)+($O$5-$P$5))) -> 0.002012074 | X3: =IF(H3="Remplissez", "", IF($S$8=1,C3*($O$3-$P$3)+($O$5-$P$5),C3*($O$3-$P$3)+($O$5+$P$5))) -> 0.0020428844
B4: 2 | C4: 4 | D4: 0.007 | E4: 0.00406 | F4: 3.03e-05 | G4: =IF(OR($C$3="",$D$3="",$E$3="",$F$3="",$C$4="",$D$4="",$E$4="",$F$4="",$D$3+$F$3=0,$D$4+$F$4=0),"<--","") | H4: =IF(H3="Remplissez","Remplissez",1/(F4^2+$M$3^2*D4^2)) -> 1.0321883e+09 | I4: =IF(H4="Remplissez","au moins",H4*C4) -> 4.1287532e+09 | J4: =IF(H4="Remplissez","les 2",H4*E4) -> 4190684.5 | K4: =IF(H4="Remplissez","premiers",H4*C4^2) -> 1.6515013e+10 | L4: =IF(H4="Remplissez","points",H4*C4*E4) -> 16762738 | M4: =IF(ISERROR(M3),"Erreur pente","") | O4: b | S4: =MIN(C3:C27)*(O3+P3)+(O5+P5) -> 0.0020566392 | T4: =MIN(C3:C27)*(O3-P3)+(O5-P5) -> 0.0019983193 | V4: =IF(H4="Remplissez","",C4*$O$3+$O$5) -> 0.0040652718 | W4: =IF(H4="Remplissez", "", IF($S$8=1,C4*($O$3+$P$3)+($O$5+$P$5),C4*($O$3+$P$3)+($O$5-$P$5))) -> 0.004056744 | X4: =IF(H4="Remplissez", "", IF($S$8=1,C4*($O$3-$P$3)+($O$5-$P$5),C4*($O$3-$P$3)+($O$5+$P$5))) -> 0.0040737997
B5: 3 | C5: 6 | D5: 0.009 | E5: 0.0061 | F5: 4.05e-05 | G5: =IF(AND(NOT(AND(C5="",D5="",E5="",F5="")),H5=""),"<--","") | H5: =IF(OR(C5="",D5="",E5="",F5="",$H$3="Remplissez",D5+F5=0),"",1/(F5^2+$M$3^2*D5^2)) -> 5.8001198e+08 | I5: =IF(H5="","J'aime",H5*C5) -> 3.4800719e+09 | J5: =IF(H5="","la",H5*E5) -> 3538073.1 | K5: =IF(H5="","physique",H5*C5^2) -> 2.0880431e+10 | L5: =IF(H5="","",H5*C5*E5) -> 21228439 | M5: =IF(M3=0,"Pente nulle","") | O5: =IF(M3="-","-",(K30*J30-I30*L30)/M30) -> -1.0313418e-05 | P5: =IF(M3="-","-",SQRT(K30/M30)) -> 2.2282581e-05 | S5: y1 xmax | T5: y2 xmax | V5: =IF(L5="","",C5*$O$3+$O$5) -> 0.0061030645 | W5: =IF(H5="", "", IF($S$8=1,C5*($O$3+$P$3)+($O$5+$P$5),C5*($O$3+$P$3)+($O$5-$P$5))) -> 0.006101414 | X5: =IF(H5="", "", IF($S$8=1,C5*($O$3-$P$3)+($O$5-$P$5),C5*($O$3-$P$3)+($O$5+$P$5))) -> 0.0061047149
B6: 4 | C6: 8 | D6: 0.011 | E6: 0.00814 | F6: 5.07e-05 | G6: =IF(AND(NOT(AND(C6="",D6="",E6="",F6="")),H6=""),"<--","") | H6: =IF(OR(C6="",D6="",E6="",F6="",$H$3="Remplissez",D6+F6=0),"",1/(F6^2+$M$3^2*D6^2)) -> 3.7095416e+08 | I6: =IF(H6="","J'aime",H6*C6) -> 2.9676333e+09 | J6: =IF(H6="","la",H6*E6) -> 3019566.9 | K6: =IF(H6="","physique",H6*C6^2) -> 2.3741066e+10 | L6: =IF(H6="","",H6*C6*E6) -> 24156535 | S6: =MAX(C3:C27)*(O3+P3)+(O5+P5) -> 0.020458669 | T6: =MAX(C3:C27)*(O3-P3)+(O5-P5) -> 0.020276557 | V6: =IF(L6="","",C6*$O$3+$O$5) -> 0.0081408571 | W6: =IF(H6="", "", IF($S$8=1,C6*($O$3+$P$3)+($O$5+$P$5),C6*($O$3+$P$3)+($O$5-$P$5))) -> 0.0081460841 | X6: =IF(H6="", "", IF($S$8=1,C6*($O$3-$P$3)+($O$5-$P$5),C6*($O$3-$P$3)+($O$5+$P$5))) -> 0.0081356302
B7: 5 | C7: 10 | D7: 0.013 | E7: 0.01018 | F7: 6.09e-05 | G7: =IF(AND(NOT(AND(C7="",D7="",E7="",F7="")),H7=""),"<--","") | H7: =IF(OR(C7="",D7="",E7="",F7="",$H$3="Remplissez",D7+F7=0),"",1/(F7^2+$M$3^2*D7^2)) -> 2.5748237e+08 | I7: =IF(H7="","J'aime",H7*C7) -> 2.5748237e+09 | J7: =IF(H7="","la",H7*E7) -> 2621170.5 | K7: =IF(H7="","physique",H7*C7^2) -> 2.5748237e+10 | L7: =IF(H7="","",H7*C7*E7) -> 26211705 | S7: Test | V7: =IF(L7="","",C7*$O$3+$O$5) -> 0.01017865 | W7: =IF(H7="", "", IF($S$8=1,C7*($O$3+$P$3)+($O$5+$P$5),C7*($O$3+$P$3)+($O$5-$P$5))) -> 0.010190754 | X7: =IF(H7="", "", IF($S$8=1,C7*($O$3-$P$3)+($O$5-$P$5),C7*($O$3-$P$3)+($O$5+$P$5))) -> 0.010166545
B8: 6 | C8: 12 | D8: 0.015 | E8: 0.01222 | F8: 7.11e-05 | G8: =IF(AND(NOT(AND(C8="",D8="",E8="",F8="")),H8=""),"<--","") | H8: =IF(OR(C8="",D8="",E8="",F8="",$H$3="Remplissez",D8+F8=0),"",1/(F8^2+$M$3^2*D8^2)) -> 1.8910265e+08 | I8: =IF(H8="","J'aime",H8*C8) -> 2.2692318e+09 | J8: =IF(H8="","la",H8*E8) -> 2310834.4 | K8: =IF(H8="","physique",H8*C8^2) -> 2.7230782e+10 | L8: =IF(H8="","",H8*C8*E8) -> 27730013 | S8: =IF(AND(T4>S4,T6<S6),1,2) -> 2 | V8: =IF(L8="","",C8*$O$3+$O$5) -> 0.012216442 | W8: =IF(H8="", "", IF($S$8=1,C8*($O$3+$P$3)+($O$5+$P$5),C8*($O$3+$P$3)+($O$5-$P$5))) -> 0.012235424 | X8: =IF(H8="", "", IF($S$8=1,C8*($O$3-$P$3)+($O$5-$P$5),C8*($O$3-$P$3)+($O$5+$P$5))) -> 0.012197461
B9: 7 | C9: 14 | D9: 0.017 | E9: 0.01425 | F9: 8.125e-05 | G9: =IF(AND(NOT(AND(C9="",D9="",E9="",F9="")),H9=""),"<--","") | H9: =IF(OR(C9="",D9="",E9="",F9="",$H$3="Remplissez",D9+F9=0),"",1/(F9^2+$M$3^2*D9^2)) -> 1.4491201e+08 | I9: =IF(H9="","J'aime",H9*C9) -> 2.0287681e+09 | J9: =IF(H9="","la",H9*E9) -> 2064996.1 | K9: =IF(H9="","physique",H9*C9^2) -> 2.8402754e+10 | L9: =IF(H9="","",H9*C9*E9) -> 28909946 | V9: =IF(L9="","",C9*$O$3+$O$5) -> 0.014254235 | W9: =IF(H9="", "", IF($S$8=1,C9*($O$3+$P$3)+($O$5+$P$5),C9*($O$3+$P$3)+($O$5-$P$5))) -> 0.014280094 | X9: =IF(H9="", "", IF($S$8=1,C9*($O$3-$P$3)+($O$5-$P$5),C9*($O$3-$P$3)+($O$5+$P$5))) -> 0.014228376
B10: 8 | C10: 16 | D10: 0.019 | E10: 0.0163 | F10: 9.15e-05 | G10: =IF(AND(NOT(AND(C10="",D10="",E10="",F10="")),H10=""),"<--","") | H10: =IF(OR(C10="",D10="",E10="",F10="",$H$3="Remplissez",D10+F10=0),"",1/(F10^2+$M$3^2*D10^2)) -> 1.1433848e+08 | I10: =IF(H10="","J'aime",H10*C10) -> 1.8294156e+09 | J10: =IF(H10="","la",H10*E10) -> 1863717.2 | K10: =IF(H10="","physique",H10*C10^2) -> 2.927065e+10 | L10: =IF(H10="","",H10*C10*E10) -> 29819475 | O10: Points extrêmes et règles simples | S10: dyN | T10: dxN | V10: =IF(L10="","",C10*$O$3+$O$5) -> 0.016292028 | W10: =IF(H10="", "", IF($S$8=1,C10*($O$3+$P$3)+($O$5+$P$5),C10*($O$3+$P$3)+($O$5-$P$5))) -> 0.016324764 | X10: =IF(H10="", "", IF($S$8=1,C10*($O$3-$P$3)+($O$5-$P$5),C10*($O$3-$P$3)+($O$5+$P$5))) -> 0.016259291
B11: 9 | C11: 18 | D11: 0.021 | E11: 0.01834 | F11: 0.0001017 | G11: =IF(AND(NOT(AND(C11="",D11="",E11="",F11="")),H11=""),"<--","") | H11: =IF(OR(C11="",D11="",E11="",F11="",$H$3="Remplissez",D11+F11=0),"",1/(F11^2+$M$3^2*D11^2)) -> 92597572 | I11: =IF(H11="","J'aime",H11*C11) -> 1.6667563e+09 | J11: =IF(H11="","la",H11*E11) -> 1698239.5 | K11: =IF(H11="","physique",H11*C11^2) -> 3.0001613e+10 | L11: =IF(H11="","",H11*C11*E11) -> 30568310 | S11: {=LOOKUP(2,1/(ISNUMBER(F:F)),F:F)} -> 0.0003436 | T11: {=LOOKUP(2,1/(ISNUMBER(D:D)),D:D)} -> 0.05 | V11: =IF(L11="","",C11*$O$3+$O$5) -> 0.01832982 | W11: =IF(H11="", "", IF($S$8=1,C11*($O$3+$P$3)+($O$5+$P$5),C11*($O$3+$P$3)+($O$5-$P$5))) -> 0.018369434 | X11: =IF(H11="", "", IF($S$8=1,C11*($O$3-$P$3)+($O$5-$P$5),C11*($O$3-$P$3)+($O$5+$P$5))) -> 0.018290206
B12: 10 | C12: 20 | D12: 0.05 | E12: 0.0203 | F12: 0.0003436 | G12: =IF(AND(NOT(AND(C12="",D12="",E12="",F12="")),H12=""),"<--","") | H12: =IF(OR(C12="",D12="",E12="",F12="",$H$3="Remplissez",D12+F12=0),"",1/(F12^2+$M$3^2*D12^2)) -> 8288506.7 | I12: =IF(H12="","J'aime",H12*C12) -> 1.6577013e+08 | J12: =IF(H12="","la",H12*E12) -> 168256.69 | K12: =IF(H12="","physique",H12*C12^2) -> 3.3154027e+09 | L12: =IF(H12="","",H12*C12*E12) -> 3365133.7 | S12: yN | T12: xN | V12: =IF(L12="","",C12*$O$3+$O$5) -> 0.020367613 | W12: =IF(H12="", "", IF($S$8=1,C12*($O$3+$P$3)+($O$5+$P$5),C12*($O$3+$P$3)+($O$5-$P$5))) -> 0.020414104 | X12: =IF(H12="", "", IF($S$8=1,C12*($O$3-$P$3)+($O$5-$P$5),C12*($O$3-$P$3)+($O$5+$P$5))) -> 0.020321122
B13: 11 | G13: =IF(AND(NOT(AND(C13="",D13="",E13="",F13="")),H13=""),"<--","") | H13: =IF(OR(C13="",D13="",E13="",F13="",$H$3="Remplissez",D13+F13=0),"",1/(F13^2+$M$3^2*D13^2)) | I13: =IF(H13="","J'aime",H13*C13) -> J'aime | J13: =IF(H13="","la",H13*E13) -> la | K13: =IF(H13="","physique",H13*C13^2) -> physique | L13: =IF(H13="","",H13*C13*E13) | O13: =IF(M3="-","-",(S11+F3)/ABS(S13-E3)) -> 0.019909688 | P13: =IF(M3="-","-",(T11+D3)/ABS(T13-C3)) -> 0.0030555556 | S13: {=LOOKUP(2,1/(ISNUMBER(E:E)),E:E)} -> 0.0203 | T13: {=LOOKUP(2,1/(ISNUMBER(C:C)),C:C)} -> 20 | V13: =IF(L13="","",C13*$O$3+$O$5) | W13: =IF(H13="", "", IF($S$8=1,C13*($O$3+$P$3)+($O$5+$P$5),C13*($O$3+$P$3)+($O$5-$P$5))) | X13: =IF(H13="", "", IF($S$8=1,C13*($O$3-$P$3)+($O$5-$P$5),C13*($O$3-$P$3)+($O$5+$P$5)))
B14: 12 | G14: =IF(AND(NOT(AND(C14="",D14="",E14="",F14="")),H14=""),"<--","") | H14: =IF(OR(C14="",D14="",E14="",F14="",$H$3="Remplissez",D14+F14=0),"",1/(F14^2+$M$3^2*D14^2)) | I14: =IF(H14="","J'aime",H14*C14) -> J'aime | J14: =IF(H14="","la",H14*E14) -> la | K14: =IF(H14="","physique",H14*C14^2) -> physique | L14: =IF(H14="","",H14*C14*E14) | V14: =IF(L14="","",C14*$O$3+$O$5) | W14: =IF(H14="", "", IF($S$8=1,C14*($O$3+$P$3)+($O$5+$P$5),C14*($O$3+$P$3)+($O$5-$P$5))) | X14: =IF(H14="", "", IF($S$8=1,C14*($O$3-$P$3)+($O$5-$P$5),C14*($O$3-$P$3)+($O$5+$P$5)))
B15: 13 | G15: =IF(AND(NOT(AND(C15="",D15="",E15="",F15="")),H15=""),"<--","") | H15: =IF(OR(C15="",D15="",E15="",F15="",$H$3="Remplissez",D15+F15=0),"",1/(F15^2+$M$3^2*D15^2)) | I15: =IF(H15="","J'aime",H15*C15) -> J'aime | J15: =IF(H15="","la",H15*E15) -> la | K15: =IF(H15="","physique",H15*C15^2) -> physique | L15: =IF(H15="","",H15*C15*E15) | V15: =IF(L15="","",C15*$O$3+$O$5) | W15: =IF(H15="", "", IF($S$8=1,C15*($O$3+$P$3)+($O$5+$P$5),C15*($O$3+$P$3)+($O$5-$P$5))) | X15: =IF(H15="", "", IF($S$8=1,C15*($O$3-$P$3)+($O$5-$P$5),C15*($O$3-$P$3)+($O$5+$P$5)))
B16: 14 | G16: =IF(AND(NOT(AND(C16="",D16="",E16="",F16="")),H16=""),"<--","") | H16: =IF(OR(C16="",D16="",E16="",F16="",$H$3="Remplissez",D16+F16=0),"",1/(F16^2+$M$3^2*D16^2)) | I16: =IF(H16="","J'aime",H16*C16) -> J'aime | J16: =IF(H16="","la",H16*E16) -> la | K16: =IF(H16="","physique",H16*C16^2) -> physique | L16: =IF(H16="","",H16*C16*E16) | O16: =IF(O13="-","-",O13+P13) -> 0.022965244 | V16: =IF(L16="","",C16*$O$3+$O$5) | W16: =IF(H16="", "", IF($S$8=1,C16*($O$3+$P$3)+($O$5+$P$5),C16*($O$3+$P$3)+($O$5-$P$5))) | X16: =IF(H16="", "", IF($S$8=1,C16*($O$3-$P$3)+($O$5-$P$5),C16*($O$3-$P$3)+($O$5+$P$5)))
B17: 15 | G17: =IF(AND(NOT(AND(C17="",D17="",E17="",F17="")),H17=""),"<--","") | H17: =IF(OR(C17="",D17="",E17="",F17="",$H$3="Remplissez",D17+F17=0),"",1/(F17^2+$M$3^2*D17^2)) | I17: =IF(H17="","J'aime",H17*C17) -> J'aime | J17: =IF(H17="","la",H17*E17) -> la | K17: =IF(H17="","physique",H17*C17^2) -> physique | L17: =IF(H17="","",H17*C17*E17) | V17: =IF(L17="","",C17*$O$3+$O$5) | W17: =IF(H17="", "", IF($S$8=1,C17*($O$3+$P$3)+($O$5+$P$5),C17*($O$3+$P$3)+($O$5-$P$5))) | X17: =IF(H17="", "", IF($S$8=1,C17*($O$3-$P$3)+($O$5-$P$5),C17*($O$3-$P$3)+($O$5+$P$5)))
B18: 16 | G18: =IF(AND(NOT(AND(C18="",D18="",E18="",F18="")),H18=""),"<--","") | H18: =IF(OR(C18="",D18="",E18="",F18="",$H$3="Remplissez",D18+F18=0),"",1/(F18^2+$M$3^2*D18^2)) | I18: =IF(H18="","J'aime",H18*C18) -> J'aime | J18: =IF(H18="","la",H18*E18) -> la | K18: =IF(H18="","physique",H18*C18^2) -> physique | L18: =IF(H18="","",H18*C18*E18) | V18: =IF(L18="","",C18*$O$3+$O$5) | W18: =IF(H18="", "", IF($S$8=1,C18*($O$3+$P$3)+($O$5+$P$5),C18*($O$3+$P$3)+($O$5-$P$5))) | X18: =IF(H18="", "", IF($S$8=1,C18*($O$3-$P$3)+($O$5-$P$5),C18*($O$3-$P$3)+($O$5+$P$5)))
B19: 17 | G19: =IF(AND(NOT(AND(C19="",D19="",E19="",F19="")),H19=""),"<--","") | H19: =IF(OR(C19="",D19="",E19="",F19="",$H$3="Remplissez",D19+F19=0),"",1/(F19^2+$M$3^2*D19^2)) | I19: =IF(H19="","J'aime",H19*C19) -> J'aime | J19: =IF(H19="","la",H19*E19) -> la | K19: =IF(H19="","physique",H19*C19^2) -> physique | L19: =IF(H19="","",H19*C19*E19) | V19: =IF(L19="","",C19*$O$3+$O$5) | W19: =IF(H19="", "", IF($S$8=1,C19*($O$3+$P$3)+($O$5+$P$5),C19*($O$3+$P$3)+($O$5-$P$5))) | X19: =IF(H19="", "", IF($S$8=1,C19*($O$3-$P$3)+($O$5-$P$5),C19*($O$3-$P$3)+($O$5+$P$5)))
B20: 18 | G20: =IF(AND(NOT(AND(C20="",D20="",E20="",F20="")),H20=""),"<--","") | H20: =IF(OR(C20="",D20="",E20="",F20="",$H$3="Remplissez",D20+F20=0),"",1/(F20^2+$M$3^2*D20^2)) | I20: =IF(H20="","J'aime",H20*C20) -> J'aime | J20: =IF(H20="","la",H20*E20) -> la | K20: =IF(H20="","physique",H20*C20^2) -> physique | L20: =IF(H20="","",H20*C20*E20) | V20: =IF(L20="","",C20*$O$3+$O$5) | W20: =IF(H20="", "", IF($S$8=1,C20*($O$3+$P$3)+($O$5+$P$5),C20*($O$3+$P$3)+($O$5-$P$5))) | X20: =IF(H20="", "", IF($S$8=1,C20*($O$3-$P$3)+($O$5-$P$5),C20*($O$3-$P$3)+($O$5+$P$5)))
B21: 19 | G21: =IF(AND(NOT(AND(C21="",D21="",E21="",F21="")),H21=""),"<--","") | H21: =IF(OR(C21="",D21="",E21="",F21="",$H$3="Remplissez",D21+F21=0),"",1/(F21^2+$M$3^2*D21^2)) | I21: =IF(H21="","J'aime",H21*C21) -> J'aime | J21: =IF(H21="","la",H21*E21) -> la | K21: =IF(H21="","physique",H21*C21^2) -> physique | L21: =IF(H21="","",H21*C21*E21) | V21: =IF(L21="","",C21*$O$3+$O$5) | W21: =IF(H21="", "", IF($S$8=1,C21*($O$3+$P$3)+($O$5+$P$5),C21*($O$3+$P$3)+($O$5-$P$5))) | X21: =IF(H21="", "", IF($S$8=1,C21*($O$3-$P$3)+($O$5-$P$5),C21*($O$3-$P$3)+($O$5+$P$5)))
B22: 20 | G22: =IF(AND(NOT(AND(C22="",D22="",E22="",F22="")),H22=""),"<--","") | H22: =IF(OR(C22="",D22="",E22="",F22="",$H$3="Remplissez",D22+F22=0),"",1/(F22^2+$M$3^2*D22^2)) | I22: =IF(H22="","J'aime",H22*C22) -> J'aime | J22: =IF(H22="","la",H22*E22) -> la | K22: =IF(H22="","physique",H22*C22^2) -> physique | L22: =IF(H22="","",H22*C22*E22) | V22: =IF(L22="","",C22*$O$3+$O$5) | W22: =IF(H22="", "", IF($S$8=1,C22*($O$3+$P$3)+($O$5+$P$5),C22*($O$3+$P$3)+($O$5-$P$5))) | X22: =IF(H22="", "", IF($S$8=1,C22*($O$3-$P$3)+($O$5-$P$5),C22*($O$3-$P$3)+($O$5+$P$5)))
B23: 21 | G23: =IF(AND(NOT(AND(C23="",D23="",E23="",F23="")),H23=""),"<--","") | H23: =IF(OR(C23="",D23="",E23="",F23="",$H$3="Remplissez",D23+F23=0),"",1/(F23^2+$M$3^2*D23^2)) | I23: =IF(H23="","J'aime",H23*C23) -> J'aime | J23: =IF(H23="","la",H23*E23) -> la | K23: =IF(H23="","physique",H23*C23^2) -> physique | L23: =IF(H23="","",H23*C23*E23) | V23: =IF(L23="","",C23*$O$3+$O$5) | W23: =IF(H23="", "", IF($S$8=1,C23*($O$3+$P$3)+($O$5+$P$5),C23*($O$3+$P$3)+($O$5-$P$5))) | X23: =IF(H23="", "", IF($S$8=1,C23*($O$3-$P$3)+($O$5-$P$5),C23*($O$3-$P$3)+($O$5+$P$5)))
B24: 22 | G24: =IF(AND(NOT(AND(C24="",D24="",E24="",F24="")),H24=""),"<--","") | H24: =IF(OR(C24="",D24="",E24="",F24="",$H$3="Remplissez",D24+F24=0),"",1/(F24^2+$M$3^2*D24^2)) | I24: =IF(H24="","J'aime",H24*C24) -> J'aime | J24: =IF(H24="","la",H24*E24) -> la | K24: =IF(H24="","physique",H24*C24^2) -> physique | L24: =IF(H24="","",H24*C24*E24) | V24: =IF(L24="","",C24*$O$3+$O$5) | W24: =IF(H24="", "", IF($S$8=1,C24*($O$3+$P$3)+($O$5+$P$5),C24*($O$3+$P$3)+($O$5-$P$5))) | X24: =IF(H24="", "", IF($S$8=1,C24*($O$3-$P$3)+($O$5-$P$5),C24*($O$3-$P$3)+($O$5+$P$5)))
B25: 23 | G25: =IF(AND(NOT(AND(C25="",D25="",E25="",F25="")),H25=""),"<--","") | H25: =IF(OR(C25="",D25="",E25="",F25="",$H$3="Remplissez",D25+F25=0),"",1/(F25^2+$M$3^2*D25^2)) | I25: =IF(H25="","J'aime",H25*C25) -> J'aime | J25: =IF(H25="","la",H25*E25) -> la | K25: =IF(H25="","physique",H25*C25^2) -> physique | L25: =IF(H25="","",H25*C25*E25) | V25: =IF(L25="","",C25*$O$3+$O$5) | W25: =IF(H25="", "", IF($S$8=1,C25*($O$3+$P$3)+($O$5+$P$5),C25*($O$3+$P$3)+($O$5-$P$5))) | X25: =IF(H25="", "", IF($S$8=1,C25*($O$3-$P$3)+($O$5-$P$5),C25*($O$3-$P$3)+($O$5+$P$5)))
B26: 24 | G26: =IF(AND(NOT(AND(C26="",D26="",E26="",F26="")),H26=""),"<--","") | H26: =IF(OR(C26="",D26="",E26="",F26="",$H$3="Remplissez",D26+F26=0),"",1/(F26^2+$M$3^2*D26^2)) | I26: =IF(H26="","J'aime",H26*C26) -> J'aime | J26: =IF(H26="","la",H26*E26) -> la | K26: =IF(H26="","physique",H26*C26^2) -> physique | L26: =IF(H26="","",H26*C26*E26) | V26: =IF(L26="","",C26*$O$3+$O$5) | W26: =IF(H26="", "", IF($S$8=1,C26*($O$3+$P$3)+($O$5+$P$5),C26*($O$3+$P$3)+($O$5-$P$5))) | X26: =IF(H26="", "", IF($S$8=1,C26*($O$3-$P$3)+($O$5-$P$5),C26*($O$3-$P$3)+($O$5+$P$5)))
B27: 25 | G27: =IF(AND(NOT(AND(C27="",D27="",E27="",F27="")),H27=""),"<--","") | H27: =IF(OR(C27="",D27="",E27="",F27="",$H$3="Remplissez",D27+F27=0),"",1/(F27^2+$M$3^2*D27^2)) | I27: =IF(H27="","J'aime",H27*C27) -> J'aime | J27: =IF(H27="","la",H27*E27) -> la | K27: =IF(H27="","physique",H27*C27^2) -> physique | L27: =IF(H27="","",H27*C27*E27) | V27: =IF(L27="","",C27*$O$3+$O$5) | W27: =IF(H27="", "", IF($S$8=1,C27*($O$3+$P$3)+($O$5+$P$5),C27*($O$3+$P$3)+($O$5-$P$5))) | X27: =IF(H27="", "", IF($S$8=1,C27*($O$3-$P$3)+($O$5-$P$5),C27*($O$3-$P$3)+($O$5+$P$5)))
H28: =IF(OR(C28="",D28="",E28="",F28="",H25="Remplissez",D28+F28=0),"",1/(F28^2+$M$3^2*D28^2)) | W28: =IF(H28="", "", IF($S$8=1,C28*($O$3+$P$3)+($O$5+$P$5),C28*($O$3+$P$3)+($O$5-$P$5))) | X28: =IF(H28="", "", IF($S$8=1,C28*($O$3-$P$3)+($O$5-$P$5),C28*($O$3-$P$3)+($O$5+$P$5)))
H29: Σwi | I29: Σwixi | J29: Σwiyi | K29: Σwixi2 | L29: Σwixiyi | M29: W
H30: =IF(M3="-","-",SUM(H3:H27)) -> 5.1052116e+09 | I30: =IF(M3="-","-",SUM(I3:I27)) -> 2.5741895e+10 | J30: =IF(M3="-","-",SUM(J3:J27)) -> 26175670 | K30: =IF(M3="-","-",SUM(K3:K27)) -> 2.1436729e+11 | L30: =IF(M3="-","-",SUM(L3:L27)) -> 2.1815256e+08 | M30: =IF(M3="-","-",H30*K30-I30^2) -> 4.3174521e+20

Sheet RLineaire R4
B2: i | C2: x | D2: ∆x | E2: y | F2: ∆y | H2: wi | I2: wixi | J2: wiyi | K2: wixi2 | L2: wixiyi | M2: pente Excel | N2: =IF(OR(M4="Erreur pente",M5="Pente nulle"), "<--", "") | O2: a | S2: Test "pente min - pente max" | V2: Droite de régression
B3: 1 | C3: {='Tableaux et calculs'!I5:I14} -> 2 | D3: {='Tableaux et calculs'!J5:J14} -> 0.005 | E3: {='Tableaux et calculs'!F20:F29} -> 3e-07 | F3: {='Tableaux et calculs'!G20:G29} -> 1.015e-07 | G3: =IF(OR($C$3="",$D$3="",$E$3="",$F$3="",$D$3+$F$3=0),"<--","") | H3: =IF(OR($C$3="",$D$3="",$E$3="",$F$3="",$C$4="",$D$4="",$E$4="",$F$4="",D3+F3=0,D4+F4=0),"Remplissez",1/(F3^2+$M$3^2*D3^2)) -> 9.7056292e+13 | I3: =IF(H3="Remplissez","au moins",H3*C3) -> 1.9411258e+14 | J3: =IF(H3="Remplissez","les 2",H3*E3) -> 29116888 | K3: =IF(H3="Remplissez","premiers",H3*C3^2) -> 3.8822517e+14 | L3: =IF(H3="Remplissez","points",H3*C3*E3) -> 58233775 | M3: =IF(OR($C$3="",$D$3="",$E$3="",$F$3="",$C$4="",$D$4="",$E$4="",$F$4="",D3+F3=0,D4+F4=0),"-",SLOPE(E3:E27,C3:C27)) -> 2.0484848e-07 | N3: =IF(ISERROR(N2),"<--","") | O3: =IF(M3="-","-",(H30*L30-I30*J30)/M30) -> 2.0523271e-07 | P3: =IF(M3="-","-",SQRT(H30/M30)) -> 6.094293e-09 | Q3: =IF(M3="-","-",P3/O3) -> 0.029694551 | S3: y1 xmin | T3: y2 xmin | V3: =IF(H3="Remplissez","",C3*$O$3+$O$5) -> 3.3290305e-07 | W3: =IF(H3="Remplissez", "", IF($S$8=1,C3*($O$3+$P$3)+($O$5+$P$5),C3*($O$3+$P$3)+($O$5-$P$5))) -> 2.7282164e-07 | X3: =IF(H3="Remplissez", "", IF($S$8=1,C3*($O$3-$P$3)+($O$5-$P$5),C3*($O$3-$P$3)+($O$5+$P$5))) -> 3.9298445e-07
B4: 2 | C4: 4 | D4: 0.007 | E4: 7e-07 | F4: 1.035e-07 | G4: =IF(OR($C$3="",$D$3="",$E$3="",$F$3="",$C$4="",$D$4="",$E$4="",$F$4="",$D$3+$F$3=0,$D$4+$F$4=0),"<--","") | H4: =IF(H3="Remplissez","Remplissez",1/(F4^2+$M$3^2*D4^2)) -> 9.3333155e+13 | I4: =IF(H4="Remplissez","au moins",H4*C4) -> 3.7333262e+14 | J4: =IF(H4="Remplissez","les 2",H4*E4) -> 65333209 | K4: =IF(H4="Remplissez","premiers",H4*C4^2) -> 1.4933305e+15 | L4: =IF(H4="Remplissez","points",H4*C4*E4) -> 2.6133283e+08 | M4: =IF(ISERROR(M3),"Erreur pente","") | O4: b | S4: =MIN(C3:C27)*(O3+P3)+(O5+P5) -> 4.1736162e-07 | T4: =MIN(C3:C27)*(O3-P3)+(O5-P5) -> 2.4844447e-07 | V4: =IF(H4="Remplissez","",C4*$O$3+$O$5) -> 7.4336846e-07 | W4: =IF(H4="Remplissez", "", IF($S$8=1,C4*($O$3+$P$3)+($O$5+$P$5),C4*($O$3+$P$3)+($O$5-$P$5))) -> 6.9547564e-07 | X4: =IF(H4="Remplissez", "", IF($S$8=1,C4*($O$3-$P$3)+($O$5-$P$5),C4*($O$3-$P$3)+($O$5+$P$5))) -> 7.9126128e-07
B5: 3 | C5: 6 | D5: 0.009 | E5: 1.2e-06 | F5: 1.06e-07 | G5: =IF(AND(NOT(AND(C5="",D5="",E5="",F5="")),H5=""),"<--","") | H5: =IF(OR(C5="",D5="",E5="",F5="",$H$3="Remplissez",D5+F5=0),"",1/(F5^2+$M$3^2*D5^2)) -> 8.8972729e+13 | I5: =IF(H5="","J'aime",H5*C5) -> 5.3383637e+14 | J5: =IF(H5="","la",H5*E5) -> 1.0676727e+08 | K5: =IF(H5="","physique",H5*C5^2) -> 3.2030182e+15 | L5: =IF(H5="","",H5*C5*E5) -> 6.4060365e+08 | M5: =IF(M3=0,"Pente nulle","") | O5: =IF(M3="-","-",(K30*J30-I30*L30)/M30) -> -7.7562367e-08 | P5: =IF(M3="-","-",SQRT(K30/M30)) -> 7.2269992e-08 | S5: y1 xmax | T5: y2 xmax | V5: =IF(L5="","",C5*$O$3+$O$5) -> 1.1538339e-06 | W5: =IF(H5="", "", IF($S$8=1,C5*($O$3+$P$3)+($O$5+$P$5),C5*($O$3+$P$3)+($O$5-$P$5))) -> 1.1181296e-06 | X5: =IF(H5="", "", IF($S$8=1,C5*($O$3-$P$3)+($O$5-$P$5),C5*($O$3-$P$3)+($O$5+$P$5))) -> 1.1895381e-06
B6: 4 | C6: 8 | D6: 0.011 | E6: 1.6e-06 | F6: 1.08e-07 | G6: =IF(AND(NOT(AND(C6="",D6="",E6="",F6="")),H6=""),"<--","") | H6: =IF(OR(C6="",D6="",E6="",F6="",$H$3="Remplissez",D6+F6=0),"",1/(F6^2+$M$3^2*D6^2)) -> 8.5696577e+13 | I6: =IF(H6="","J'aime",H6*C6) -> 6.8557262e+14 | J6: =IF(H6="","la",H6*E6) -> 1.3711452e+08 | K6: =IF(H6="","physique",H6*C6^2) -> 5.4845809e+15 | L6: =IF(H6="","",H6*C6*E6) -> 1.0969162e+09 | S6: =MAX(C3:C27)*(O3+P3)+(O5+P5) -> 4.2212476e-06 | T6: =MAX(C3:C27)*(O3-P3)+(O5-P5) -> 3.8329359e-06 | V6: =IF(L6="","",C6*$O$3+$O$5) -> 1.5642993e-06 | W6: =IF(H6="", "", IF($S$8=1,C6*($O$3+$P$3)+($O$5+$P$5),C6*($O$3+$P$3)+($O$5-$P$5))) -> 1.5407836e-06 | X6: =IF(H6="", "", IF($S$8=1,C6*($O$3-$P$3)+($O$5-$P$5),C6*($O$3-$P$3)+($O$5+$P$5))) -> 1.5878149e-06
B7: 5 | C7: 10 | D7: 0.013 | E7: 2e-06 | F7: 1.1e-07 | G7: =IF(AND(NOT(AND(C7="",D7="",E7="",F7="")),H7=""),"<--","") | H7: =IF(OR(C7="",D7="",E7="",F7="",$H$3="Remplissez",D7+F7=0),"",1/(F7^2+$M$3^2*D7^2)) -> 8.2596219e+13 | I7: =IF(H7="","J'aime",H7*C7) -> 8.2596219e+14 | J7: =IF(H7="","la",H7*E7) -> 1.6519244e+08 | K7: =IF(H7="","physique",H7*C7^2) -> 8.2596219e+15 | L7: =IF(H7="","",H7*C7*E7) -> 1.6519244e+09 | S7: Test | V7: =IF(L7="","",C7*$O$3+$O$5) -> 1.9747647e-06 | W7: =IF(H7="", "", IF($S$8=1,C7*($O$3+$P$3)+($O$5+$P$5),C7*($O$3+$P$3)+($O$5-$P$5))) -> 1.9634376e-06 | X7: =IF(H7="", "", IF($S$8=1,C7*($O$3-$P$3)+($O$5-$P$5),C7*($O$3-$P$3)+($O$5+$P$5))) -> 1.9860918e-06
B8: 6 | C8: 12 | D8: 0.015 | E8: 2.4e-06 | F8: 1.12e-07 | G8: =IF(AND(NOT(AND(C8="",D8="",E8="",F8="")),H8=""),"<--","") | H8: =IF(OR(C8="",D8="",E8="",F8="",$H$3="Remplissez",D8+F8=0),"",1/(F8^2+$M$3^2*D8^2)) -> 7.9659429e+13 | I8: =IF(H8="","J'aime",H8*C8) -> 9.5591315e+14 | J8: =IF(H8="","la",H8*E8) -> 1.9118263e+08 | K8: =IF(H8="","physique",H8*C8^2) -> 1.1470958e+16 | L8: =IF(H8="","",H8*C8*E8) -> 2.2941916e+09 | S8: =IF(AND(T4>S4,T6<S6),1,2) -> 2 | V8: =IF(L8="","",C8*$O$3+$O$5) -> 2.3852301e-06 | W8: =IF(H8="", "", IF($S$8=1,C8*($O$3+$P$3)+($O$5+$P$5),C8*($O$3+$P$3)+($O$5-$P$5))) -> 2.3860916e-06 | X8: =IF(H8="", "", IF($S$8=1,C8*($O$3-$P$3)+($O$5-$P$5),C8*($O$3-$P$3)+($O$5+$P$5))) -> 2.3843686e-06
B9: 7 | C9: 14 | D9: 0.017 | E9: 2.8e-06 | F9: 1.14e-07 | G9: =IF(AND(NOT(AND(C9="",D9="",E9="",F9="")),H9=""),"<--","") | H9: =IF(OR(C9="",D9="",E9="",F9="",$H$3="Remplissez",D9+F9=0),"",1/(F9^2+$M$3^2*D9^2)) -> 7.6875017e+13 | I9: =IF(H9="","J'aime",H9*C9) -> 1.0762502e+15 | J9: =IF(H9="","la",H9*E9) -> 2.1525005e+08 | K9: =IF(H9="","physique",H9*C9^2) -> 1.5067503e+16 | L9: =IF(H9="","",H9*C9*E9) -> 3.0135006e+09 | V9: =IF(L9="","",C9*$O$3+$O$5) -> 2.7956955e-06 | W9: =IF(H9="", "", IF($S$8=1,C9*($O$3+$P$3)+($O$5+$P$5),C9*($O$3+$P$3)+($O$5-$P$5))) -> 2.8087456e-06 | X9: =IF(H9="", "", IF($S$8=1,C9*($O$3-$P$3)+($O$5-$P$5),C9*($O$3-$P$3)+($O$5+$P$5))) -> 2.7826454e-06
B10: 8 | C10: 16 | D10: 0.019 | E10: 3.2e-06 | F10: 1.16e-07 | G10: =IF(AND(NOT(AND(C10="",D10="",E10="",F10="")),H10=""),"<--","") | H10: =IF(OR(C10="",D10="",E10="",F10="",$H$3="Remplissez",D10+F10=0),"",1/(F10^2+$M$3^2*D10^2)) -> 7.423272e+13 | I10: =IF(H10="","J'aime",H10*C10) -> 1.1877235e+15 | J10: =IF(H10="","la",H10*E10) -> 2.375447e+08 | K10: =IF(H10="","physique",H10*C10^2) -> 1.9003576e+16 | L10: =IF(H10="","",H10*C10*E10) -> 3.8007153e+09 | O10: Points extrêmes et règles simples | S10: dyN | T10: dxN | V10: =IF(L10="","",C10*$O$3+$O$5) -> 3.2061609e-06 | W10: =IF(H10="", "", IF($S$8=1,C10*($O$3+$P$3)+($O$5+$P$5),C10*($O$3+$P$3)+($O$5-$P$5))) -> 3.2313996e-06 | X10: =IF(H10="", "", IF($S$8=1,C10*($O$3-$P$3)+($O$5-$P$5),C10*($O$3-$P$3)+($O$5+$P$5))) -> 3.1809222e-06
B11: 9 | C11: 18 | D11: 0.021 | E11: 3.6e-06 | F11: 1.18e-07 | G11: =IF(AND(NOT(AND(C11="",D11="",E11="",F11="")),H11=""),"<--","") | H11: =IF(OR(C11="",D11="",E11="",F11="",$H$3="Remplissez",D11+F11=0),"",1/(F11^2+$M$3^2*D11^2)) -> 7.172312e+13 | I11: =IF(H11="","J'aime",H11*C11) -> 1.2910162e+15 | J11: =IF(H11="","la",H11*E11) -> 2.5820323e+08 | K11: =IF(H11="","physique",H11*C11^2) -> 2.3238291e+16 | L11: =IF(H11="","",H11*C11*E11) -> 4.6476582e+09 | S11: {=LOOKUP(2,1/(ISNUMBER(F:F)),F:F)} -> 1.2e-07 | T11: {=LOOKUP(2,1/(ISNUMBER(D:D)),D:D)} -> 0.05 | V11: =IF(L11="","",C11*$O$3+$O$5) -> 3.6166263e-06 | W11: =IF(H11="", "", IF($S$8=1,C11*($O$3+$P$3)+($O$5+$P$5),C11*($O$3+$P$3)+($O$5-$P$5))) -> 3.6540536e-06 | X11: =IF(H11="", "", IF($S$8=1,C11*($O$3-$P$3)+($O$5-$P$5),C11*($O$3-$P$3)+($O$5+$P$5))) -> 3.5791991e-06
B12: 10 | C12: 20 | D12: 0.05 | E12: 4e-06 | F12: 1.2e-07 | G12: =IF(AND(NOT(AND(C12="",D12="",E12="",F12="")),H12=""),"<--","") | H12: =IF(OR(C12="",D12="",E12="",F12="",$H$3="Remplissez",D12+F12=0),"",1/(F12^2+$M$3^2*D12^2)) -> 6.8942185e+13 | I12: =IF(H12="","J'aime",H12*C12) -> 1.3788437e+15 | J12: =IF(H12="","la",H12*E12) -> 2.7576874e+08 | K12: =IF(H12="","physique",H12*C12^2) -> 2.7576874e+16 | L12: =IF(H12="","",H12*C12*E12) -> 5.5153748e+09 | S12: yN | T12: xN | V12: =IF(L12="","",C12*$O$3+$O$5) -> 4.0270918e-06 | W12: =IF(H12="", "", IF($S$8=1,C12*($O$3+$P$3)+($O$5+$P$5),C12*($O$3+$P$3)+($O$5-$P$5))) -> 4.0767076e-06 | X12: =IF(H12="", "", IF($S$8=1,C12*($O$3-$P$3)+($O$5-$P$5),C12*($O$3-$P$3)+($O$5+$P$5))) -> 3.9774759e-06
B13: 11 | G13: =IF(AND(NOT(AND(C13="",D13="",E13="",F13="")),H13=""),"<--","") | H13: =IF(OR(C13="",D13="",E13="",F13="",$H$3="Remplissez",D13+F13=0),"",1/(F13^2+$M$3^2*D13^2)) | I13: =IF(H13="","J'aime",H13*C13) -> J'aime | J13: =IF(H13="","la",H13*E13) -> la | K13: =IF(H13="","physique",H13*C13^2) -> physique | L13: =IF(H13="","",H13*C13*E13) | O13: =IF(M3="-","-",(S11+F3)/ABS(S13-E3)) -> 0.059864865 | P13: =IF(M3="-","-",(T11+D3)/ABS(T13-C3)) -> 0.0030555556 | S13: {=LOOKUP(2,1/(ISNUMBER(E:E)),E:E)} -> 4e-06 | T13: {=LOOKUP(2,1/(ISNUMBER(C:C)),C:C)} -> 20 | V13: =IF(L13="","",C13*$O$3+$O$5) | W13: =IF(H13="", "", IF($S$8=1,C13*($O$3+$P$3)+($O$5+$P$5),C13*($O$3+$P$3)+($O$5-$P$5))) | X13: =IF(H13="", "", IF($S$8=1,C13*($O$3-$P$3)+($O$5-$P$5),C13*($O$3-$P$3)+($O$5+$P$5)))
B14: 12 | G14: =IF(AND(NOT(AND(C14="",D14="",E14="",F14="")),H14=""),"<--","") | H14: =IF(OR(C14="",D14="",E14="",F14="",$H$3="Remplissez",D14+F14=0),"",1/(F14^2+$M$3^2*D14^2)) | I14: =IF(H14="","J'aime",H14*C14) -> J'aime | J14: =IF(H14="","la",H14*E14) -> la | K14: =IF(H14="","physique",H14*C14^2) -> physique | L14: =IF(H14="","",H14*C14*E14) | V14: =IF(L14="","",C14*$O$3+$O$5) | W14: =IF(H14="", "", IF($S$8=1,C14*($O$3+$P$3)+($O$5+$P$5),C14*($O$3+$P$3)+($O$5-$P$5))) | X14: =IF(H14="", "", IF($S$8=1,C14*($O$3-$P$3)+($O$5-$P$5),C14*($O$3-$P$3)+($O$5+$P$5)))
B15: 13 | G15: =IF(AND(NOT(AND(C15="",D15="",E15="",F15="")),H15=""),"<--","") | H15: =IF(OR(C15="",D15="",E15="",F15="",$H$3="Remplissez",D15+F15=0),"",1/(F15^2+$M$3^2*D15^2)) | I15: =IF(H15="","J'aime",H15*C15) -> J'aime | J15: =IF(H15="","la",H15*E15) -> la | K15: =IF(H15="","physique",H15*C15^2) -> physique | L15: =IF(H15="","",H15*C15*E15) | V15: =IF(L15="","",C15*$O$3+$O$5) | W15: =IF(H15="", "", IF($S$8=1,C15*($O$3+$P$3)+($O$5+$P$5),C15*($O$3+$P$3)+($O$5-$P$5))) | X15: =IF(H15="", "", IF($S$8=1,C15*($O$3-$P$3)+($O$5-$P$5),C15*($O$3-$P$3)+($O$5+$P$5)))
B16: 14 | G16: =IF(AND(NOT(AND(C16="",D16="",E16="",F16="")),H16=""),"<--","") | H16: =IF(OR(C16="",D16="",E16="",F16="",$H$3="Remplissez",D16+F16=0),"",1/(F16^2+$M$3^2*D16^2)) | I16: =IF(H16="","J'aime",H16*C16) -> J'aime | J16: =IF(H16="","la",H16*E16) -> la | K16: =IF(H16="","physique",H16*C16^2) -> physique | L16: =IF(H16="","",H16*C16*E16) | O16: =IF(O13="-","-",O13+P13) -> 0.06292042 | V16: =IF(L16="","",C16*$O$3+$O$5) | W16: =IF(H16="", "", IF($S$8=1,C16*($O$3+$P$3)+($O$5+$P$5),C16*($O$3+$P$3)+($O$5-$P$5))) | X16: =IF(H16="", "", IF($S$8=1,C16*($O$3-$P$3)+($O$5-$P$5),C16*($O$3-$P$3)+($O$5+$P$5)))
B17: 15 | G17: =IF(AND(NOT(AND(C17="",D17="",E17="",F17="")),H17=""),"<--","") | H17: =IF(OR(C17="",D17="",E17="",F17="",$H$3="Remplissez",D17+F17=0),"",1/(F17^2+$M$3^2*D17^2)) | I17: =IF(H17="","J'aime",H17*C17) -> J'aime | J17: =IF(H17="","la",H17*E17) -> la | K17: =IF(H17="","physique",H17*C17^2) -> physique | L17: =IF(H17="","",H17*C17*E17) | V17: =IF(L17="","",C17*$O$3+$O$5) | W17: =IF(H17="", "", IF($S$8=1,C17*($O$3+$P$3)+($O$5+$P$5),C17*($O$3+$P$3)+($O$5-$P$5))) | X17: =IF(H17="", "", IF($S$8=1,C17*($O$3-$P$3)+($O$5-$P$5),C17*($O$3-$P$3)+($O$5+$P$5)))
B18: 16 | G18: =IF(AND(NOT(AND(C18="",D18="",E18="",F18="")),H18=""),"<--","") | H18: =IF(OR(C18="",D18="",E18="",F18="",$H$3="Remplissez",D18+F18=0),"",1/(F18^2+$M$3^2*D18^2)) | I18: =IF(H18="","J'aime",H18*C18) -> J'aime | J18: =IF(H18="","la",H18*E18) -> la | K18: =IF(H18="","physique",H18*C18^2) -> physique | L18: =IF(H18="","",H18*C18*E18) | V18: =IF(L18="","",C18*$O$3+$O$5) | W18: =IF(H18="", "", IF($S$8=1,C18*($O$3+$P$3)+($O$5+$P$5),C18*($O$3+$P$3)+($O$5-$P$5))) | X18: =IF(H18="", "", IF($S$8=1,C18*($O$3-$P$3)+($O$5-$P$5),C18*($O$3-$P$3)+($O$5+$P$5)))
B19: 17 | G19: =IF(AND(NOT(AND(C19="",D19="",E19="",F19="")),H19=""),"<--","") | H19: =IF(OR(C19="",D19="",E19="",F19="",$H$3="Remplissez",D19+F19=0),"",1/(F19^2+$M$3^2*D19^2)) | I19: =IF(H19="","J'aime",H19*C19) -> J'aime | J19: =IF(H19="","la",H19*E19) -> la | K19: =IF(H19="","physique",H19*C19^2) -> physique | L19: =IF(H19="","",H19*C19*E19) | V19: =IF(L19="","",C19*$O$3+$O$5) | W19: =IF(H19="", "", IF($S$8=1,C19*($O$3+$P$3)+($O$5+$P$5),C19*($O$3+$P$3)+($O$5-$P$5))) | X19: =IF(H19="", "", IF($S$8=1,C19*($O$3-$P$3)+($O$5-$P$5),C19*($O$3-$P$3)+($O$5+$P$5)))
B20: 18 | G20: =IF(AND(NOT(AND(C20="",D20="",E20="",F20="")),H20=""),"<--","") | H20: =IF(OR(C20="",D20="",E20="",F20="",$H$3="Remplissez",D20+F20=0),"",1/(F20^2+$M$3^2*D20^2)) | I20: =IF(H20="","J'aime",H20*C20) -> J'aime | J20: =IF(H20="","la",H20*E20) -> la | K20: =IF(H20="","physique",H20*C20^2) -> physique | L20: =IF(H20="","",H20*C20*E20) | V20: =IF(L20="","",C20*$O$3+$O$5) | W20: =IF(H20="", "", IF($S$8=1,C20*($O$3+$P$3)+($O$5+$P$5),C20*($O$3+$P$3)+($O$5-$P$5))) | X20: =IF(H20="", "", IF($S$8=1,C20*($O$3-$P$3)+($O$5-$P$5),C20*($O$3-$P$3)+($O$5+$P$5)))
B21: 19 | G21: =IF(AND(NOT(AND(C21="",D21="",E21="",F21="")),H21=""),"<--","") | H21: =IF(OR(C21="",D21="",E21="",F21="",$H$3="Remplissez",D21+F21=0),"",1/(F21^2+$M$3^2*D21^2)) | I21: =IF(H21="","J'aime",H21*C21) -> J'aime | J21: =IF(H21="","la",H21*E21) -> la | K21: =IF(H21="","physique",H21*C21^2) -> physique | L21: =IF(H21="","",H21*C21*E21) | V21: =IF(L21="","",C21*$O$3+$O$5) | W21: =IF(H21="", "", IF($S$8=1,C21*($O$3+$P$3)+($O$5+$P$5),C21*($O$3+$P$3)+($O$5-$P$5))) | X21: =IF(H21="", "", IF($S$8=1,C21*($O$3-$P$3)+($O$5-$P$5),C21*($O$3-$P$3)+($O$5+$P$5)))
B22: 20 | G22: =IF(AND(NOT(AND(C22="",D22="",E22="",F22="")),H22=""),"<--","") | H22: =IF(OR(C22="",D22="",E22="",F22="",$H$3="Remplissez",D22+F22=0),"",1/(F22^2+$M$3^2*D22^2)) | I22: =IF(H22="","J'aime",H22*C22) -> J'aime | J22: =IF(H22="","la",H22*E22) -> la | K22: =IF(H22="","physique",H22*C22^2) -> physique | L22: =IF(H22="","",H22*C22*E22) | V22: =IF(L22="","",C22*$O$3+$O$5) | W22: =IF(H22="", "", IF($S$8=1,C22*($O$3+$P$3)+($O$5+$P$5),C22*($O$3+$P$3)+($O$5-$P$5))) | X22: =IF(H22="", "", IF($S$8=1,C22*($O$3-$P$3)+($O$5-$P$5),C22*($O$3-$P$3)+($O$5+$P$5)))
B23: 21 | G23: =IF(AND(NOT(AND(C23="",D23="",E23="",F23="")),H23=""),"<--","") | H23: =IF(OR(C23="",D23="",E23="",F23="",$H$3="Remplissez",D23+F23=0),"",1/(F23^2+$M$3^2*D23^2)) | I23: =IF(H23="","J'aime",H23*C23) -> J'aime | J23: =IF(H23="","la",H23*E23) -> la | K23: =IF(H23="","physique",H23*C23^2) -> physique | L23: =IF(H23="","",H23*C23*E23) | V23: =IF(L23="","",C23*$O$3+$O$5) | W23: =IF(H23="", "", IF($S$8=1,C23*($O$3+$P$3)+($O$5+$P$5),C23*($O$3+$P$3)+($O$5-$P$5))) | X23: =IF(H23="", "", IF($S$8=1,C23*($O$3-$P$3)+($O$5-$P$5),C23*($O$3-$P$3)+($O$5+$P$5)))
B24: 22 | G24: =IF(AND(NOT(AND(C24="",D24="",E24="",F24="")),H24=""),"<--","") | H24: =IF(OR(C24="",D24="",E24="",F24="",$H$3="Remplissez",D24+F24=0),"",1/(F24^2+$M$3^2*D24^2)) | I24: =IF(H24="","J'aime",H24*C24) -> J'aime | J24: =IF(H24="","la",H24*E24) -> la | K24: =IF(H24="","physique",H24*C24^2) -> physique | L24: =IF(H24="","",H24*C24*E24) | V24: =IF(L24="","",C24*$O$3+$O$5) | W24: =IF(H24="", "", IF($S$8=1,C24*($O$3+$P$3)+($O$5+$P$5),C24*($O$3+$P$3)+($O$5-$P$5))) | X24: =IF(H24="", "", IF($S$8=1,C24*($O$3-$P$3)+($O$5-$P$5),C24*($O$3-$P$3)+($O$5+$P$5)))
B25: 23 | G25: =IF(AND(NOT(AND(C25="",D25="",E25="",F25="")),H25=""),"<--","") | H25: =IF(OR(C25="",D25="",E25="",F25="",$H$3="Remplissez",D25+F25=0),"",1/(F25^2+$M$3^2*D25^2)) | I25: =IF(H25="","J'aime",H25*C25) -> J'aime | J25: =IF(H25="","la",H25*E25) -> la | K25: =IF(H25="","physique",H25*C25^2) -> physique | L25: =IF(H25="","",H25*C25*E25) | V25: =IF(L25="","",C25*$O$3+$O$5) | W25: =IF(H25="", "", IF($S$8=1,C25*($O$3+$P$3)+($O$5+$P$5),C25*($O$3+$P$3)+($O$5-$P$5))) | X25: =IF(H25="", "", IF($S$8=1,C25*($O$3-$P$3)+($O$5-$P$5),C25*($O$3-$P$3)+($O$5+$P$5)))
B26: 24 | G26: =IF(AND(NOT(AND(C26="",D26="",E26="",F26="")),H26=""),"<--","") | H26: =IF(OR(C26="",D26="",E26="",F26="",$H$3="Remplissez",D26+F26=0),"",1/(F26^2+$M$3^2*D26^2)) | I26: =IF(H26="","J'aime",H26*C26) -> J'aime | J26: =IF(H26="","la",H26*E26) -> la | K26: =IF(H26="","physique",H26*C26^2) -> physique | L26: =IF(H26="","",H26*C26*E26) | V26: =IF(L26="","",C26*$O$3+$O$5) | W26: =IF(H26="", "", IF($S$8=1,C26*($O$3+$P$3)+($O$5+$P$5),C26*($O$3+$P$3)+($O$5-$P$5))) | X26: =IF(H26="", "", IF($S$8=1,C26*($O$3-$P$3)+($O$5-$P$5),C26*($O$3-$P$3)+($O$5+$P$5)))
B27: 25 | G27: =IF(AND(NOT(AND(C27="",D27="",E27="",F27="")),H27=""),"<--","") | H27: =IF(OR(C27="",D27="",E27="",F27="",$H$3="Remplissez",D27+F27=0),"",1/(F27^2+$M$3^2*D27^2)) | I27: =IF(H27="","J'aime",H27*C27) -> J'aime | J27: =IF(H27="","la",H27*E27) -> la | K27: =IF(H27="","physique",H27*C27^2) -> physique | L27: =IF(H27="","",H27*C27*E27) | V27: =IF(L27="","",C27*$O$3+$O$5) | W27: =IF(H27="", "", IF($S$8=1,C27*($O$3+$P$3)+($O$5+$P$5),C27*($O$3+$P$3)+($O$5-$P$5))) | X27: =IF(H27="", "", IF($S$8=1,C27*($O$3-$P$3)+($O$5-$P$5),C27*($O$3-$P$3)+($O$5+$P$5)))
H28: =IF(OR(C28="",D28="",E28="",F28="",H25="Remplissez",D28+F28=0),"",1/(F28^2+$M$3^2*D28^2)) | W28: =IF(H28="", "", IF($S$8=1,C28*($O$3+$P$3)+($O$5+$P$5),C28*($O$3+$P$3)+($O$5-$P$5))) | X28: =IF(H28="", "", IF($S$8=1,C28*($O$3-$P$3)+($O$5-$P$5),C28*($O$3-$P$3)+($O$5+$P$5)))
H29: Σwi | I29: Σwixi | J29: Σwiyi | K29: Σwixi2 | L29: Σwixiyi | M29: W
H30: =IF(M3="-","-",SUM(H3:H27)) -> 8.1908744e+14 | I30: =IF(M3="-","-",SUM(I3:I27)) -> 8.5025631e+15 | J30: =IF(M3="-","-",SUM(J3:J27)) -> 1.6814737e+09 | K30: =IF(M3="-","-",SUM(K3:K27)) -> 1.1518598e+17 | L30: =IF(M3="-","-",SUM(L3:L27)) -> 2.2980451e+10 | M30: =IF(M3="-","-",H30*K30-I30^2) -> 2.2053809e+31
